{"inputUnits":[14],"outputUnits":4,"inputs":{"0":{"dtype":"number","min":182.6241519179104,"max":327.16225807967544},"1":{"dtype":"number","min":0.8772634290471473,"max":358.7580267123763},"2":{"dtype":"number","min":249.33340455227756,"max":349.78314806466346},"3":{"dtype":"number","min":195.60967694834912,"max":329.8559279603353},"4":{"dtype":"number","min":0.15700838667403616,"max":359.97871571898986},"5":{"dtype":"number","min":75.81251872951295,"max":176.22595404075588},"6":{"dtype":"number","min":8.58355865629207,"max":383.46250209895265},"7":{"dtype":"number","min":0.6197663366998114,"max":359.8762866080878},"8":{"dtype":"number","min":0.24604806956169512,"max":358.12940761726554},"9":{"dtype":"number","min":1.1861584259681024,"max":315.922420607485},"10":{"dtype":"number","min":0.15313066200099001,"max":354.9769805378516},"11":{"dtype":"number","min":4.0188669122969145,"max":317.0383339610051},"12":{"dtype":"number","min":0.061298625134242,"max":359.90641089940385},"13":{"dtype":"number","min":6.045847491909498,"max":320.70945480218705}},"outputs":{"0":{"dtype":"string","min":0,"max":1,"uniqueValues":["Mountain","Tree","Goddess","Warrior 2"],"legend":{"Mountain":[1,0,0,0],"Tree":[0,1,0,0],"Goddess":[0,0,1,0],"Warrior 2":[0,0,0,1]}}},"isNormalized":true}