{"inputUnits":[34],"outputUnits":5,"inputs":{"0":{"dtype":"number","min":259.1160351942485,"max":372.97014525892206},"1":{"dtype":"number","min":-1.8962808156291828,"max":87.06078020978995},"2":{"dtype":"number","min":271.38777736559916,"max":378.52054224867766},"3":{"dtype":"number","min":-17.849027284852262,"max":76.87128831440373},"4":{"dtype":"number","min":256.2250527704736,"max":363.15997854744876},"5":{"dtype":"number","min":-15.145947645610406,"max":78.9740366137909},"6":{"dtype":"number","min":288.40918633724465,"max":386.21036989679595},"7":{"dtype":"number","min":-7.575012682013011,"max":82.25766222764545},"8":{"dtype":"number","min":245.4369303781235,"max":355.57601067806496},"9":{"dtype":"number","min":-4.816189183335354,"max":87.42808538652116},"10":{"dtype":"number","min":288.192008645618,"max":398.8141873652833},"11":{"dtype":"number","min":58.34645312120014,"max":125.28537022928319},"12":{"dtype":"number","min":243.75728295470955,"max":373.88444714972945},"13":{"dtype":"number","min":50.08405039746475,"max":128.25985622777085},"14":{"dtype":"number","min":209.23647631930933,"max":492.71187155163244},"15":{"dtype":"number","min":65.35142831765259,"max":166.69898066539244},"16":{"dtype":"number","min":205.34867461089493,"max":434.7270731053928},"17":{"dtype":"number","min":70.9452920757843,"max":165.8334677135898},"18":{"dtype":"number","min":181.32286220209144,"max":531.4180426096638},"19":{"dtype":"number","min":52.613802067500615,"max":215.85655835815908},"20":{"dtype":"number","min":152.86328445612688,"max":457.9671279372872},"21":{"dtype":"number","min":42.189072783355115,"max":218.86177270792803},"22":{"dtype":"number","min":280.12931319062346,"max":394.50651859031115},"23":{"dtype":"number","min":186.72759059802104,"max":255.61377261863146},"24":{"dtype":"number","min":264.5381443602566,"max":367.0148120687166},"25":{"dtype":"number","min":186.56582130996168,"max":255.25528369710605},"26":{"dtype":"number","min":209.33150829508148,"max":463.56256744741},"27":{"dtype":"number","min":229.6685743517449,"max":389.9062552247994},"28":{"dtype":"number","min":193.6750508467975,"max":353.528762995501},"29":{"dtype":"number","min":217.22666343362414,"max":367.46720310315084},"30":{"dtype":"number","min":194.0879305234679,"max":522.6225565750775},"31":{"dtype":"number","min":316.91709674286005,"max":463.85792179330315},"32":{"dtype":"number","min":120.43500254590224,"max":481.0161094813959},"33":{"dtype":"number","min":283.8067674451301,"max":435.5821827691817}},"outputs":{"0":{"dtype":"string","min":0,"max":1,"uniqueValues":["1","2","4","5","3"],"legend":{"1":[1,0,0,0,0],"2":[0,1,0,0,0],"3":[0,0,0,0,1],"4":[0,0,1,0,0],"5":[0,0,0,1,0]}}},"isNormalized":true}