{"inputUnits":[14],"outputUnits":4,"inputs":{"0":{"dtype":"number","min":0.049447518728030104,"max":359.9315897980149},"1":{"dtype":"number","min":0.2596768727953531,"max":359.9367791887153},"2":{"dtype":"number","min":234.21910979847812,"max":349.78314806466346},"3":{"dtype":"number","min":188.4392993251608,"max":329.8559279603353},"4":{"dtype":"number","min":0.15700838667403616,"max":359.97871571898986},"5":{"dtype":"number","min":23.09178309084328,"max":357.68472749362627},"6":{"dtype":"number","min":8.58355865629207,"max":438.90836960921195},"7":{"dtype":"number","min":0.6197663366998114,"max":359.8762866080878},"8":{"dtype":"number","min":0.14928821094031264,"max":359.9057514306854},"9":{"dtype":"number","min":1.1861584259681024,"max":338.54940082227165},"10":{"dtype":"number","min":0.15313066200099001,"max":359.6781461347576},"11":{"dtype":"number","min":4.0188669122969145,"max":358.65958381107794},"12":{"dtype":"number","min":0.061298625134242,"max":359.90641089940385},"13":{"dtype":"number","min":4.8202377515073636,"max":354.80414857861217}},"outputs":{"0":{"dtype":"string","min":0,"max":1,"uniqueValues":["Mountain","Tree","Goddess","Warrior 2"],"legend":{"Mountain":[1,0,0,0],"Tree":[0,1,0,0],"Goddess":[0,0,1,0],"Warrior 2":[0,0,0,1]}}},"isNormalized":true}